{
    "title": "Rolling On the Duck",
    "artist": "NieN",
    "preview_start_time": 1000,
    "release_year": "2005",
    "source": "custom",
    "album": "DJMAX Online",
    "loading_phrase": "those who roll on the duck",
    "genres": [
        "Hardcore"
    ],
    "charters": [
        "Eezku"
    ],
    "length": 140,
    "icon_drums": "Drum",
    "icon_bass": "Bass",
    "icon_guitar": "Guitar",
    "icon_vocals": "Vocals",
    "diff": {
        "drums": 5,
        "guitar": 6,
        "vocals": 1,
        "plastic_guitar": 6
    },
    "midi": "notes.mid",
    "art": "cover.png",
    "stems": {
        "drums": "drums.mp3",
        "bass": "bass.mp3",
        "lead": "lead.mp3",
        "vocals": "vocals.mp3"
    }
}